"BROKEN","EPIC","FAILED","FEATURE","PASSED","SKIPPED","STORY","UNKNOWN"
"0","","0","Performance","2","0","GET /repos/{owner}/{repo}","0"
"0","","0","Users API","9","0","Field Semantics","0"
"0","","0","Error Handling","5","0","404 User","0"
"0","","0","Users API","4","0","Schema Validation","0"
"0","","0","Repos API","4","0","List Repos","0"
"0","","0","Repos API","1","0","Happy Path","0"
"0","","0","Users API","2","0","Response Headers","0"
"0","","0","Users API","2","0","Anonymous Access","0"
"0","","0","Performance","1","0","Consistency","0"
"0","","0","Performance","1","0","GET /user (authenticated)","0"
"0","","0","Repos API","9","0","Field Semantics","0"
"0","","0","Performance","1","0","GET /users/{username}/repos","0"
"0","","0","Repos API","2","0","Schema Validation","0"
"0","","0","Error Handling","3","0","401 Unauthorized","0"
"0","","0","Performance","2","0","GET /users/{username}","0"
"0","","0","Error Handling","1","0","Auth Contrast","0"
"0","","0","Users API","1","0","Happy Path","0"
"0","","0","Error Handling","3","0","404 Repo","0"
